{
  "programa": "TECNOLOGIA_EN_GESTION_EMPRESARIAL",
  "timestamp": "2026-06-14T14:58:43.874753",
  "svm_clas": {
    "tarea": "clasificacion_desercion",
    "roc_auc": 0.9712837837837837,
    "pr_auc": 0.9708511247075939,
    "recall_opt": 0.9615384615384616,
    "precision_opt": 0.8620689655172413,
    "f1_opt": 0.9090909090909091,
    "accuracy_opt": 0.9206349206349206,
    "recall_05": 0.8461538461538461,
    "precision_05": 0.9166666666666666,
    "f1_05": 0.88,
    "umbral_optimo": 0.25000000000000006
  },
  "rf_clas": {
    "tarea": "clasificacion_desercion",
    "roc_auc": 0.9728430353430354,
    "pr_auc": 0.9689616951915686,
    "recall_opt": 0.8846153846153846,
    "precision_opt": 0.9583333333333334,
    "f1_opt": 0.92,
    "accuracy_opt": 0.9365079365079365,
    "recall_05": 0.8846153846153846,
    "precision_05": 0.9583333333333334,
    "f1_05": 0.92,
    "umbral_optimo": 0.49000000000000005
  },
  "rl_clas": {
    "tarea": "clasificacion_desercion",
    "roc_auc": 0.9692047817047817,
    "pr_auc": 0.9664082957515026,
    "recall_opt": 0.9423076923076923,
    "precision_opt": 0.9074074074074074,
    "f1_opt": 0.9245283018867925,
    "accuracy_opt": 0.9365079365079365,
    "recall_05": 0.9038461538461539,
    "precision_05": 0.9215686274509803,
    "f1_05": 0.912621359223301,
    "umbral_optimo": 0.4100000000000001
  },
  "svm_reg": {
    "tarea": "regresion_nota",
    "mae": 0.34434094182679187,
    "mse": 0.28401048690034364,
    "rmse": 0.5329263428470614,
    "r2": 0.8475313980655512
  },
  "rf_reg": {
    "tarea": "regresion_nota",
    "mae": 0.27074505369799345,
    "mse": 0.19907770881888548,
    "rmse": 0.44618125108400225,
    "r2": 0.8931268339025125
  },
  "lineal_reg": {
    "tarea": "regresion_nota",
    "mae": 0.6868553757667542,
    "mse": 0.7255008220672607,
    "rmse": 0.8517633603690997,
    "r2": 0.6105210781097412
  },
  "svm_clas_cm": [
    [
      66,
      8
    ],
    [
      2,
      50
    ]
  ],
  "rf_clas_cm": [
    [
      72,
      2
    ],
    [
      6,
      46
    ]
  ],
  "rl_clas_cm": [
    [
      69,
      5
    ],
    [
      3,
      49
    ]
  ]
}