{
  "programa": "TECNOLOGIA_EN_DELINEANTES_DE_ARQUITECTURA_E_INGENIERIA",
  "timestamp": "2026-06-14T14:58:40.907186",
  "svm_clas": {
    "tarea": "clasificacion_desercion",
    "roc_auc": 0.837719298245614,
    "pr_auc": 0.8178093191232771,
    "recall_opt": 0.8518518518518519,
    "precision_opt": 0.696969696969697,
    "f1_opt": 0.7666666666666667,
    "accuracy_opt": 0.7846153846153846,
    "recall_05": 0.7037037037037037,
    "precision_05": 0.7037037037037037,
    "f1_05": 0.7037037037037037,
    "umbral_optimo": 0.37000000000000005
  },
  "rf_clas": {
    "tarea": "clasificacion_desercion",
    "roc_auc": 0.8796296296296297,
    "pr_auc": 0.8409933102879465,
    "recall_opt": 0.8518518518518519,
    "precision_opt": 0.7666666666666667,
    "f1_opt": 0.8070175438596491,
    "accuracy_opt": 0.8307692307692308,
    "recall_05": 0.8148148148148148,
    "precision_05": 0.7586206896551724,
    "f1_05": 0.7857142857142857,
    "umbral_optimo": 0.4100000000000001
  },
  "rl_clas": {
    "tarea": "clasificacion_desercion",
    "roc_auc": 0.8737816764132553,
    "pr_auc": 0.8464116999208111,
    "recall_opt": 0.7777777777777778,
    "precision_opt": 0.84,
    "f1_opt": 0.8076923076923077,
    "accuracy_opt": 0.8461538461538461,
    "recall_05": 0.8148148148148148,
    "precision_05": 0.7333333333333333,
    "f1_05": 0.7719298245614035,
    "umbral_optimo": 0.6100000000000001
  },
  "svm_reg": {
    "tarea": "regresion_nota",
    "mae": 0.49925608718266806,
    "mse": 0.5763710126047799,
    "rmse": 0.7591910251081607,
    "r2": 0.7098464355256566
  },
  "rf_reg": {
    "tarea": "regresion_nota",
    "mae": 0.36754283179680314,
    "mse": 0.3818785822374605,
    "rmse": 0.6179632531449265,
    "r2": 0.8077567583909945
  },
  "lineal_reg": {
    "tarea": "regresion_nota",
    "mae": 0.7735378742218018,
    "mse": 0.9449295401573181,
    "rmse": 0.9720748634530769,
    "r2": 0.5243086814880371
  },
  "svm_clas_cm": [
    [
      28,
      10
    ],
    [
      4,
      23
    ]
  ],
  "rf_clas_cm": [
    [
      31,
      7
    ],
    [
      4,
      23
    ]
  ],
  "rl_clas_cm": [
    [
      34,
      4
    ],
    [
      6,
      21
    ]
  ]
}