{
  "programa": "TECNOLOGIA_EN_GESTION_COMERCIAL_Y_DE_MERCADOS",
  "timestamp": "2026-06-14T14:58:42.898345",
  "svm_clas": {
    "tarea": "clasificacion_desercion",
    "roc_auc": 0.9564102564102563,
    "pr_auc": 0.9049050566370357,
    "recall_opt": 0.9615384615384616,
    "precision_opt": 0.7575757575757576,
    "f1_opt": 0.847457627118644,
    "accuracy_opt": 0.8953488372093024,
    "recall_05": 0.7307692307692307,
    "precision_05": 0.95,
    "f1_05": 0.8260869565217391,
    "umbral_optimo": 0.23000000000000004
  },
  "rf_clas": {
    "tarea": "clasificacion_desercion",
    "roc_auc": 0.9557692307692308,
    "pr_auc": 0.9177211020576774,
    "recall_opt": 0.8846153846153846,
    "precision_opt": 0.7931034482758621,
    "f1_opt": 0.8363636363636363,
    "accuracy_opt": 0.8953488372093024,
    "recall_05": 0.7692307692307693,
    "precision_05": 0.8695652173913043,
    "f1_05": 0.8163265306122449,
    "umbral_optimo": 0.39000000000000007
  },
  "rl_clas": {
    "tarea": "clasificacion_desercion",
    "roc_auc": 0.926923076923077,
    "pr_auc": 0.8568862273265341,
    "recall_opt": 0.8846153846153846,
    "precision_opt": 0.7666666666666667,
    "f1_opt": 0.8214285714285714,
    "accuracy_opt": 0.8837209302325582,
    "recall_05": 0.8076923076923077,
    "precision_05": 0.8076923076923077,
    "f1_05": 0.8076923076923077,
    "umbral_optimo": 0.38000000000000006
  },
  "svm_reg": {
    "tarea": "regresion_nota",
    "mae": 0.30994600208785134,
    "mse": 0.2066072003220025,
    "rmse": 0.45454064760151264,
    "r2": 0.9153830659176837
  },
  "rf_reg": {
    "tarea": "regresion_nota",
    "mae": 0.2510557238650217,
    "mse": 0.1527696288064556,
    "rmse": 0.39085755564713803,
    "r2": 0.9374324922347872
  },
  "lineal_reg": {
    "tarea": "regresion_nota",
    "mae": 0.6194614171981812,
    "mse": 0.6744984984397888,
    "rmse": 0.8212785754174943,
    "r2": 0.7237560153007507
  },
  "svm_clas_cm": [
    [
      52,
      8
    ],
    [
      1,
      25
    ]
  ],
  "rf_clas_cm": [
    [
      54,
      6
    ],
    [
      3,
      23
    ]
  ],
  "rl_clas_cm": [
    [
      53,
      7
    ],
    [
      3,
      23
    ]
  ]
}