{
  "roc_auc": 0.9921875,
  "pr_auc": 0.9816198116961077,
  "recall_opt": 0.9615384615384616,
  "precision_opt": 0.9615384615384616,
  "f1_opt": 0.9615384615384616,
  "recall_05": 0.9615384615384616,
  "precision_05": 0.9615384615384616,
  "f1_05": 0.9615384615384616,
  "umbral_optimo": 0.43000000000000005,
  "precision@100": 0.28888888888888886,
  "reporte": "              precision    recall  f1-score   support\n\n No desertor     0.9844    0.9844    0.9844        64\n    Desertor     0.9615    0.9615    0.9615        26\n\n    accuracy                         0.9778        90\n   macro avg     0.9730    0.9730    0.9730        90\nweighted avg     0.9778    0.9778    0.9778        90\n",
  "mae": 0.17792707681655884,
  "rmse": 0.22010113298892975,
  "r2": 0.9760004281997681,
  "programa": "DISENO_VISUAL",
  "timestamp": "2026-06-17T11:17:03.581315"
}