{
  "programa": "ARQUITECTURA",
  "timestamp": "2026-06-14T14:58:38.074149",
  "svm_clas": {
    "tarea": "clasificacion_desercion",
    "roc_auc": 0.8669301712779973,
    "pr_auc": 0.7407835565543737,
    "recall_opt": 0.9130434782608695,
    "precision_opt": 0.525,
    "f1_opt": 0.6666666666666666,
    "accuracy_opt": 0.7640449438202247,
    "recall_05": 0.43478260869565216,
    "precision_05": 0.9090909090909091,
    "f1_05": 0.5882352941176471,
    "umbral_optimo": 0.16000000000000003
  },
  "rf_clas": {
    "tarea": "clasificacion_desercion",
    "roc_auc": 0.8761528326745718,
    "pr_auc": 0.7503441789191276,
    "recall_opt": 0.8260869565217391,
    "precision_opt": 0.5757575757575758,
    "f1_opt": 0.6785714285714286,
    "accuracy_opt": 0.797752808988764,
    "recall_05": 0.4782608695652174,
    "precision_05": 0.5,
    "f1_05": 0.4888888888888889,
    "umbral_optimo": 0.4100000000000001
  },
  "rl_clas": {
    "tarea": "clasificacion_desercion",
    "roc_auc": 0.8741765480895916,
    "pr_auc": 0.7880699279558907,
    "recall_opt": 0.6086956521739131,
    "precision_opt": 0.8235294117647058,
    "f1_opt": 0.7,
    "accuracy_opt": 0.8651685393258427,
    "recall_05": 0.7391304347826086,
    "precision_05": 0.5862068965517241,
    "f1_05": 0.6538461538461539,
    "umbral_optimo": 0.6600000000000001
  },
  "svm_reg": {
    "tarea": "regresion_nota",
    "mae": 0.49802225001671724,
    "mse": 0.5508088745890092,
    "rmse": 0.7421649914870744,
    "r2": 0.7301846550312814
  },
  "rf_reg": {
    "tarea": "regresion_nota",
    "mae": 0.37608161846979116,
    "mse": 0.3018320050423025,
    "rmse": 0.5493923962363354,
    "r2": 0.8521467058353859
  },
  "lineal_reg": {
    "tarea": "regresion_nota",
    "mae": 0.6220781803131104,
    "mse": 0.652780294418335,
    "rmse": 0.8079482003311443,
    "r2": 0.6802335977554321
  },
  "svm_clas_cm": [
    [
      47,
      19
    ],
    [
      2,
      21
    ]
  ],
  "rf_clas_cm": [
    [
      52,
      14
    ],
    [
      4,
      19
    ]
  ],
  "rl_clas_cm": [
    [
      63,
      3
    ],
    [
      9,
      14
    ]
  ]
}