{
  "programa": "INGENIERIA_INFORMATICA",
  "timestamp": "2026-06-14T14:58:39.959752",
  "svm_clas": {
    "tarea": "clasificacion_desercion",
    "roc_auc": 0.8797123015873016,
    "pr_auc": 0.7440327216157916,
    "recall_opt": 0.7619047619047619,
    "precision_opt": 0.6666666666666666,
    "f1_opt": 0.7111111111111111,
    "accuracy_opt": 0.8888888888888888,
    "recall_05": 0.6666666666666666,
    "precision_05": 0.6363636363636364,
    "f1_05": 0.6511627906976745,
    "umbral_optimo": 0.42000000000000004
  },
  "rf_clas": {
    "tarea": "clasificacion_desercion",
    "roc_auc": 0.9188988095238095,
    "pr_auc": 0.7130261686366622,
    "recall_opt": 0.8095238095238095,
    "precision_opt": 0.7391304347826086,
    "f1_opt": 0.7727272727272727,
    "accuracy_opt": 0.9145299145299145,
    "recall_05": 0.7142857142857143,
    "precision_05": 0.7142857142857143,
    "f1_05": 0.7142857142857143,
    "umbral_optimo": 0.4600000000000001
  },
  "rl_clas": {
    "tarea": "clasificacion_desercion",
    "roc_auc": 0.9079861111111112,
    "pr_auc": 0.7943872341091907,
    "recall_opt": 0.6666666666666666,
    "precision_opt": 0.8235294117647058,
    "f1_opt": 0.7368421052631579,
    "accuracy_opt": 0.9145299145299145,
    "recall_05": 0.8571428571428571,
    "precision_05": 0.42857142857142855,
    "f1_05": 0.5714285714285714,
    "umbral_optimo": 0.8100000000000002
  },
  "svm_reg": {
    "tarea": "regresion_nota",
    "mae": 0.4541189689283718,
    "mse": 0.47251730532805825,
    "rmse": 0.6873989419020502,
    "r2": 0.7305779418876183
  },
  "rf_reg": {
    "tarea": "regresion_nota",
    "mae": 0.37164243396464974,
    "mse": 0.363753488943528,
    "rmse": 0.6031197965110481,
    "r2": 0.7925933875190384
  },
  "lineal_reg": {
    "tarea": "regresion_nota",
    "mae": 0.6003087759017944,
    "mse": 0.5957823991775513,
    "rmse": 0.7718694184753995,
    "r2": 0.6602940559387207
  },
  "svm_clas_cm": [
    [
      88,
      8
    ],
    [
      5,
      16
    ]
  ],
  "rf_clas_cm": [
    [
      90,
      6
    ],
    [
      4,
      17
    ]
  ],
  "rl_clas_cm": [
    [
      93,
      3
    ],
    [
      7,
      14
    ]
  ]
}