{
  "programa": "TECNOLOGIA_EN_GESTION_FINANCIERA",
  "timestamp": "2026-06-14T14:58:44.843831",
  "svm_clas": {
    "tarea": "clasificacion_desercion",
    "roc_auc": 0.9333333333333333,
    "pr_auc": 0.912952782115839,
    "recall_opt": 0.8695652173913043,
    "precision_opt": 0.8695652173913043,
    "f1_opt": 0.8695652173913043,
    "accuracy_opt": 0.9117647058823529,
    "recall_05": 0.7391304347826086,
    "precision_05": 0.8947368421052632,
    "f1_05": 0.8095238095238095,
    "umbral_optimo": 0.35000000000000003
  },
  "rf_clas": {
    "tarea": "clasificacion_desercion",
    "roc_auc": 0.9342995169082126,
    "pr_auc": 0.9351186631877169,
    "recall_opt": 0.8695652173913043,
    "precision_opt": 1.0,
    "f1_opt": 0.9302325581395349,
    "accuracy_opt": 0.9558823529411765,
    "recall_05": 0.8695652173913043,
    "precision_05": 0.9090909090909091,
    "f1_05": 0.8888888888888888,
    "umbral_optimo": 0.5600000000000002
  },
  "rl_clas": {
    "tarea": "clasificacion_desercion",
    "roc_auc": 0.9526570048309179,
    "pr_auc": 0.93519823912691,
    "recall_opt": 0.8695652173913043,
    "precision_opt": 0.9090909090909091,
    "f1_opt": 0.8888888888888888,
    "accuracy_opt": 0.9264705882352942,
    "recall_05": 0.8695652173913043,
    "precision_05": 0.8333333333333334,
    "f1_05": 0.851063829787234,
    "umbral_optimo": 0.5400000000000001
  },
  "svm_reg": {
    "tarea": "regresion_nota",
    "mae": 0.31647643307619405,
    "mse": 0.1953980544837136,
    "rmse": 0.4420385214929957,
    "r2": 0.8942806730388703
  },
  "rf_reg": {
    "tarea": "regresion_nota",
    "mae": 0.31641672238714424,
    "mse": 0.25566067275629406,
    "rmse": 0.5056289872587351,
    "r2": 0.8616758271946978
  },
  "lineal_reg": {
    "tarea": "regresion_nota",
    "mae": 0.9086233377456665,
    "mse": 0.9388790130615234,
    "rmse": 0.968957694154664,
    "r2": 0.4920232892036438
  },
  "svm_clas_cm": [
    [
      42,
      3
    ],
    [
      3,
      20
    ]
  ],
  "rf_clas_cm": [
    [
      45,
      0
    ],
    [
      3,
      20
    ]
  ],
  "rl_clas_cm": [
    [
      43,
      2
    ],
    [
      3,
      20
    ]
  ]
}